1,A2Z ASSIST,13-07-2023,Bangalore,A2Zassist@outlook.com,8333919515,Broker
2,ALLIANZ,13-07-2023,Bangalore,ALLIANZ@outlook.com,8333919515,Broker
3,ACROSS ASSIST,13-07-2023,Bangalore,ACROSSASSIST@outlook.com,8333919515,Broker
4,EUROP,13-07-2023,Bangalore,EUROP@outlook.com,8333919515,Broker
5,GLOBAL ASSURE,13-07-2023,Bangalore,GLOBALASSURE@outlook.com,8333919515,Broker
6,ON DEMAND,13-07-2023,Bangalore,ONDEMAND@outlook.com,8333919515,Broker
7,ONTRACK,13-07-2023,Bangalore,ONTRACK@outlook.com,8333919515,Broker
8,READYASSIST,13-07-2023,Bangalore,READYASSIST@outlook.com,8333919515,Broker
9,ROADZEN,13-07-2023,Bangalore,ROADZEN@outlook.com,8333919515,Broker
10,TLC,13-07-2023,Bangalore,TLC@outlook.com,8333919515,Broker
11,KI MOBILITY,13-07-2023,Bangalore,KIMOBILITY@outlook.com,8333919515,Broker
12,MADHU LEAD,13-07-2023,Bangalore,MADHULEAD@outlook.com,8333919515,Broker
13,RODA,13-07-2023,Bangalore,RODA@outlook.com,8333919515,Broker
14,BOOKMYCARSERVICE,13-07-2023,Bangalore,BOOKMYCARSERVICE@outlook.com,8333919515,Broker
