1,AIR FILL,13-07-2023,ROS
2,BATTERY JUMPSTART,13-07-2023,ROS
3,BATTERY REPLACEMENT,13-07-2023,ROS
4,CABLE CUT,13-07-2023,ROS
5,CHAIN ISSUE,13-07-2023,ROS
6,CLUTCH ISSUE,13-07-2023,ROS
7,CUSTODY SERVICE,13-07-2023,ROS
8,FUEL DELIVERY (DIESEL),13-07-2023,ROS
9,FUEL DELIVERY (PETROL),13-07-2023,ROS
10,KEY LOCKOUT,13-07-2023,ROS
11,OTHER REPAIRS,13-07-2023,ROS
12,PUNCTURE-TUBE TYRE,13-07-2023,ROS
13,PUNCTURE-TUBELESS TYRE,13-07-2023,ROS
14,STARTING TROUBLE,13-07-2023,ROS
15,Towing,13-07-2023,TOW
16,NEUTRAL MODE,13-07-2023,ROS
17,STEPNEY CHANGE,13-07-2023,ROS
